{
  "modes": [
    {
      "index": 0,
      "strictly local log-evidence": -33.11607340467638,
      "strictly local log-evidence error": 0.0997900519089906,
      "local log-evidence": -33.11607340467638,
      "local log-evidence error": 0.0997900519089906,
      "mean": [
        1.0000120807841182,
        -0.0005879354653352563,
        1829.9057936312386,
        0.0015287805216860995,
        698.0648532468249
      ],
      "sigma": [
        8.949423172154059e-05,
        0.0011016723752532438,
        1314.0631861503257,
        0.0010685891282030183,
        261.18631177342365
      ],
      "maximum": [
        0.9999623264060208,
        -0.0022476793087763073,
        378.6517615924822,
        0.0031403438781933703,
        446.96596889073317
      ],
      "maximum a posterior": [
        0.9999623264060208,
        -0.0022476793087763073,
        378.6517615924822,
        0.0031403438781933703,
        446.96596889073317
      ]
    }
  ],
  "nested sampling global log-evidence": -33.11607340467638,
  "nested sampling global log-evidence error": 0.0997900519089906,
  "global evidence": -33.11607340467638,
  "global evidence error": 0.0997900519089906,
  "marginals": [
    {
      "median": 0.9999978695310774,
      "sigma": 6.749468810901549e-05,
      "1sigma": [
        0.9999433377334549,
        1.000078327109673
      ],
      "2sigma": [
        0.9998848022480576,
        1.000242612916233
      ],
      "3sigma": [
        0.9996615304070812,
        1.0004505796164038
      ],
      "5sigma": [
        0.9995188011332189,
        1.0004999097478877
      ],
      "q75%": 1.000048172137778,
      "q25%": 0.9999599598891977,
      "q99%": 1.0003480527637791,
      "q01%": 0.9998100408074322,
      "q90%": 1.0003480527637791,
      "q10%": 0.9999279253453363
    },
    {
      "median": -0.00013779529623924908,
      "sigma": 0.0009270756775928087,
      "1sigma": [
        -0.0016313717572167372,
        0.00022277959796888018
      ],
      "2sigma": [
        -0.0038463487842154195,
        0.0004225012477464824
      ],
      "3sigma": [
        -0.004463462797159867,
        0.0004885466750313472
      ],
      "5sigma": [
        -0.004498943770351188,
        0.0004985458638085784
      ],
      "q75%": 0.00012395747235515096,
      "q25%": -0.0008625770999934726,
      "q99%": 0.00045757896198811426,
      "q01%": -0.004190900203587256,
      "q90%": 0.00045757896198811426,
      "q10%": -0.002275387023963837
    },
    {
      "median": 1427.9100561416374,
      "sigma": 1406.0514310224785,
      "1sigma": [
        603.9949702721317,
        3416.0978323170884
      ],
      "2sigma": [
        139.0700165378212,
        4773.126114904658
      ],
      "3sigma": [
        -324.50099931262673,
        4976.445944042426
      ],
      "5sigma": [
        -480.2048130946323,
        4998.28614363087
      ],
      "q75%": 2694.951622727744,
      "q25%": 832.8738440855716,
      "q99%": 4905.505894658597,
      "q01%": -11.648542588795836,
      "q90%": 4905.505894658597,
      "q10%": 416.3956094060977
    },
    {
      "median": 0.0010597444300969058,
      "sigma": 0.0008624782699847751,
      "1sigma": [
        0.0007890776177092635,
        0.0025140341576788136
      ],
      "2sigma": [
        0.0005968426589488826,
        0.004725441569634498
      ],
      "3sigma": [
        0.0005079515575895089,
        0.005364117872708633
      ],
      "5sigma": [
        0.000500220240773482,
        0.005490106949979733
      ],
      "q75%": 0.0017640539392216141,
      "q25%": 0.0008665983362017086,
      "q99%": 0.005089585078236434,
      "q01%": 0.0005510465144941263,
      "q90%": 0.005089585078236434,
      "q10%": 0.0007300343261523956
    },
    {
      "median": 673.9747860896955,
      "sigma": 247.12393183013708,
      "1sigma": [
        449.7181586882693,
        943.9660223485434
      ],
      "2sigma": [
        246.74206955625502,
        1280.526634623021
      ],
      "3sigma": [
        155.76164581671026,
        1763.4895704128755
      ],
      "5sigma": [
        78.0612445349117,
        3751.241211335534
      ],
      "q75%": 849.3343148882126,
      "q25%": 516.5333198944113,
      "q99%": 1439.333592284755,
      "q01%": 202.4003237192653,
      "q90%": 1439.333592284755,
      "q10%": 385.7153848113379
    }
  ]
}