{
  "modes": [
    {
      "index": 0,
      "strictly local log-evidence": -5.66857490693926,
      "strictly local log-evidence error": 0.07091296327494125,
      "local log-evidence": -5.66857490693926,
      "local log-evidence error": 0.07091296327494126,
      "mean": [
        0.10884874820648424,
        0.7707610309945725
      ],
      "sigma": [
        0.01714739558948842,
        0.1405747227928533
      ],
      "maximum": [
        0.10021125611804234,
        0.7023670615045485
      ],
      "maximum a posterior": [
        0.09051470989916942,
        0.6438845632329938
      ]
    }
  ],
  "nested sampling global log-evidence": -5.66857490693926,
  "nested sampling global log-evidence error": 0.07091296327494126,
  "global evidence": -5.66857490693926,
  "global evidence error": 0.07091296327494126,
  "marginals": [
    {
      "median": 0.10925362019571759,
      "sigma": 0.01942254762041446,
      "1sigma": [
        0.08939500326055826,
        0.12824009850138718
      ],
      "2sigma": [
        0.07733895400634601,
        0.13735480651804102
      ],
      "3sigma": [
        0.06900011032695007,
        0.14319952647402204
      ],
      "5sigma": [
        0.060869440623897965,
        0.15217113635661858
      ],
      "q75%": 0.1229026935801228,
      "q25%": 0.09554027600114391,
      "q99%": 0.1397038253210101,
      "q01%": 0.07393832351239424,
      "q90%": 0.1397038253210101,
      "q10%": 0.08489299957210168
    },
    {
      "median": 0.7796161835902778,
      "sigma": 0.15878373279657043,
      "1sigma": [
        0.6118385985482179,
        0.9294060641413587
      ],
      "2sigma": [
        0.4995100962640913,
        0.9888866793015413
      ],
      "3sigma": [
        0.4267452041539562,
        0.998750563902709
      ],
      "5sigma": [
        0.3477733502443362,
        0.9999693778078783
      ],
      "q75%": 0.8882917970001251,
      "q25%": 0.6625809209584047,
      "q99%": 0.9959788843670999,
      "q01%": 0.4709246785140712,
      "q90%": 0.9959788843670999,
      "q10%": 0.5671918956525479
    }
  ]
}