{
  "modes": [
    {
      "index": 0,
      "strictly local log-evidence": -463598.2590786326,
      "strictly local log-evidence error": 0.19328566589706084,
      "local log-evidence": -463598.2590786326,
      "local log-evidence error": 0.12600683780073146,
      "mean": [
        0.9998995665405132,
        0.9998525282916032
      ],
      "sigma": [
        0.00010434976985485811,
        0.00014526749757938723
      ],
      "maximum": [
        0.9999991962346656,
        0.9999935534987712
      ],
      "maximum a posterior": [
        0.9999991962346656,
        0.9999935534987712
      ]
    },
    {
      "index": 1,
      "strictly local log-evidence": -463619.0034443416,
      "strictly local log-evidence error": 0.19384677030089134,
      "local log-evidence": -463619.0034443416,
      "local log-evidence error": 0.12652121945228342,
      "mean": [
        9.861724819620137e-05,
        0.9998626996673605
      ],
      "sigma": [
        0.00010047704324554444,
        0.00014027791812686507
      ],
      "maximum": [
        2.9169772117817977e-06,
        0.9999991581772932
      ],
      "maximum a posterior": [
        2.9169772117817977e-06,
        0.9999991581772932
      ]
    },
    {
      "index": 2,
      "strictly local log-evidence": -249061.60168949972,
      "strictly local log-evidence error": 0.44885361023495934,
      "local log-evidence": -249061.60168949972,
      "local log-evidence error": 0.12774597698987433,
      "mean": [
        0.750075580844452,
        0.04996557431761095
      ],
      "sigma": [
        7.484903476968365e-05,
        7.542247701450907e-05
      ],
      "maximum": [
        0.7500759005366073,
        0.04996852244446783
      ],
      "maximum a posterior": [
        0.7499600512429528,
        0.04994135510213324
      ]
    },
    {
      "index": 3,
      "strictly local log-evidence": -249362.46993341786,
      "strictly local log-evidence error": 0.49370647989814626,
      "local log-evidence": -249362.46993341786,
      "local log-evidence error": 0.12874289884864512,
      "mean": [
        0.24996317719953318,
        0.05019162131861966
      ],
      "sigma": [
        6.773276628299486e-05,
        7.622887100787645e-05
      ],
      "maximum": [
        0.24997000677055006,
        0.05019383594217912
      ],
      "maximum a posterior": [
        0.25002592142358326,
        0.05011880397288024
      ]
    }
  ],
  "nested sampling global log-evidence": -249061.60168949972,
  "nested sampling global log-evidence error": 0.12774597698987433,
  "global evidence": -249061.60168949972,
  "global evidence error": 0.12774597698987433,
  "marginals": [
    {
      "median": 0.7500763208315168,
      "sigma": 7.7365451497724e-05,
      "1sigma": [
        0.7499964494137593,
        0.7501511803167548
      ],
      "2sigma": [
        0.7499247076348277,
        0.7502161695358631
      ],
      "3sigma": [
        0.7498624972458606,
        0.7502906682915291
      ],
      "5sigma": [
        0.7497400480513088,
        0.750442049713603
      ],
      "q75%": 0.7501282055898433,
      "q25%": 0.7500253583908706,
      "q99%": 0.7502387780157701,
      "q01%": 0.7498963182194801,
      "q90%": 0.7502387780157701,
      "q10%": 0.7499778154570107
    },
    {
      "median": 0.04996659762860889,
      "sigma": 7.602347128404102e-05,
      "1sigma": [
        0.049893059028571135,
        0.05004510597113922
      ],
      "2sigma": [
        0.04981685170509652,
        0.050110031240508064
      ],
      "3sigma": [
        0.049744980838043046,
        0.05020242559358045
      ],
      "5sigma": [
        0.049606165285672424,
        0.05031334433158061
      ],
      "q75%": 0.05001362973519536,
      "q25%": 0.04991220828843343,
      "q99%": 0.05013487053057734,
      "q01%": 0.04979100050195267,
      "q90%": 0.05013487053057734,
      "q10%": 0.04986633526099055
    }
  ]
}