{
  "modes": [
    {
      "index": 0,
      "strictly local log-evidence": -33.08832641306013,
      "strictly local log-evidence error": 0.09943172457749348,
      "local log-evidence": -33.08832641306013,
      "local log-evidence error": 0.09943172457749348,
      "mean": [
        1.000011774746629,
        -0.0006225097083708245,
        1835.8296837647238,
        0.0015636248889179935,
        698.0717166974167
      ],
      "sigma": [
        7.836493895610625e-05,
        0.0011622395630616845,
        1319.3205559692829,
        0.0011332513177954209,
        252.75959800725082
      ],
      "maximum": [
        0.9999478196173405,
        -0.0034079614189422946,
        347.3414712529284,
        0.004279146911751936,
        399.8232297268114
      ],
      "maximum a posterior": [
        0.9999478196173405,
        -0.0034079614189422946,
        347.3414712529284,
        0.004279146911751936,
        399.8232297268114
      ]
    }
  ],
  "nested sampling global log-evidence": -33.08832641306013,
  "nested sampling global log-evidence error": 0.09943172457749348,
  "global evidence": -33.08832641306013,
  "global evidence error": 0.09943172457749348,
  "marginals": [
    {
      "median": 0.9999985253091577,
      "sigma": 6.79204680054113e-05,
      "1sigma": [
        0.9999433393020316,
        1.0000791802380424
      ],
      "2sigma": [
        0.9998921984644622,
        1.000207290297531
      ],
      "3sigma": [
        0.9997924737353071,
        1.0003430099542785
      ],
      "5sigma": [
        0.999766511122289,
        1.000472554536353
      ],
      "q75%": 1.0000498873658807,
      "q25%": 0.9999594182335271,
      "q99%": 1.00027135929374,
      "q01%": 0.9998707222650765,
      "q90%": 1.00027135929374,
      "q10%": 0.9999303225741193
    },
    {
      "median": -0.00013676927518458138,
      "sigma": 0.0009846582922491023,
      "1sigma": [
        -0.0017513123754311557,
        0.000218004209067049
      ],
      "2sigma": [
        -0.003957764321266069,
        0.000408648042336486
      ],
      "3sigma": [
        -0.00445308179862316,
        0.000488562525555813
      ],
      "5sigma": [
        -0.004495360281957624,
        0.0004998402999590691
      ],
      "q75%": 0.0001210966000809506,
      "q25%": -0.0008686627209667169,
      "q99%": 0.00046196290738903815,
      "q01%": -0.004277562064197666,
      "q90%": 0.00046196290738903815,
      "q10%": -0.0025750665141115697
    },
    {
      "median": 1427.8182963799493,
      "sigma": 1434.1396988717363,
      "1sigma": [
        583.5342511145576,
        3451.8136488580303
      ],
      "2sigma": [
        138.02387283566694,
        4771.483299394165
      ],
      "3sigma": [
        -229.52749242027144,
        4982.428855016275
      ],
      "5sigma": [
        -589.7125731791984,
        4994.364824800628
      ],
      "q75%": 2713.9105221036234,
      "q25%": 808.691211619538,
      "q99%": 4914.521209929625,
      "q01%": -33.85327514558474,
      "q90%": 4914.521209929625,
      "q10%": 430.8859279628758
    },
    {
      "median": 0.0010616061895180723,
      "sigma": 0.0009365538752706564,
      "1sigma": [
        0.0007913488730301443,
        0.002664456623571457
      ],
      "2sigma": [
        0.0005946149808145374,
        0.004834719582420623
      ],
      "3sigma": [
        0.0005071235676865081,
        0.005379557314892426
      ],
      "5sigma": [
        0.0005011994216696093,
        0.005445051387778749
      ],
      "q75%": 0.0017696974782413855,
      "q25%": 0.0008652553049013523,
      "q99%": 0.0051619609302357835,
      "q01%": 0.0005452946725654829,
      "q90%": 0.0051619609302357835,
      "q10%": 0.0007277534605656303
    },
    {
      "median": 670.989672240662,
      "sigma": 249.19013675485994,
      "1sigma": [
        450.6279401115897,
        949.0082136213096
      ],
      "2sigma": [
        278.0989986458981,
        1266.0357527485342
      ],
      "3sigma": [
        179.4951224829798,
        1717.0010677940493
      ],
      "5sigma": [
        132.05744533520593,
        3181.9861957468443
      ],
      "q75%": 843.6697674599035,
      "q25%": 523.9369293876907,
      "q99%": 1396.7533045579391,
      "q01%": 242.61721594205443,
      "q90%": 1396.7533045579391,
      "q10%": 392.80841382755983
    }
  ]
}