{
  "modes": [
    {
      "index": 0,
      "strictly local log-evidence": -43.81784215841106,
      "strictly local log-evidence error": 0.14336492562701145,
      "local log-evidence": -43.81784215841106,
      "local log-evidence error": 0.14336492562701145,
      "mean": [
        0.9999925707428766,
        -0.003131934749510256,
        1226.1295041527087,
        0.0040546963290388725,
        1259.9615347061983
      ],
      "sigma": [
        5.872693479110186e-05,
        0.23319981523079023,
        945.1707835562262,
        0.233198389542075,
        958.7727594148564
      ],
      "maximum": [
        0.9999978180541208,
        -0.005277257835911597,
        445.28748511599406,
        0.006196229155690736,
        466.60832804944584
      ],
      "maximum a posterior": [
        0.9999978180541208,
        -0.005277257835911597,
        445.28748511599406,
        0.006196229155690736,
        466.60832804944584
      ]
    }
  ],
  "nested sampling global log-evidence": -43.81784215841106,
  "nested sampling global log-evidence error": 0.14336492562701145,
  "global evidence": -43.81784215841106,
  "global evidence error": 0.14336492562701145,
  "marginals": [
    {
      "median": 0.9999866524779235,
      "sigma": 5.6545711897892925e-05,
      "1sigma": [
        0.9999350381367161,
        1.000048129560512
      ],
      "2sigma": [
        0.9998963951756311,
        1.0001324803050473
      ],
      "3sigma": [
        0.9998569397963181,
        1.0002137407625478
      ],
      "5sigma": [
        0.9997917900399502,
        1.0002583559068619
      ],
      "q75%": 1.0000264955807965,
      "q25%": 0.9999521285474391,
      "q99%": 1.0001652090618909,
      "q01%": 0.9998814510636767,
      "q90%": 1.0001652090618909,
      "q10%": 0.9999234225961289
    },
    {
      "median": 0.0003838658873232012,
      "sigma": 0.06693697082446845,
      "1sigma": [
        -0.08291948763172949,
        0.05095445401720742
      ],
      "2sigma": [
        -0.6571348120672102,
        0.6061902995491584
      ],
      "3sigma": [
        -0.9572479737475529,
        0.9381435284942706
      ],
      "5sigma": [
        -0.9990645370952905,
        0.9931629056945073
      ],
      "q75%": 0.0029552069355300113,
      "q25%": -0.004212228569935444,
      "q99%": 0.7626683482046114,
      "q01%": -0.8142568154940102,
      "q90%": 0.7626683482046114,
      "q10%": -0.19650540831330857
    },
    {
      "median": 921.2704858647769,
      "sigma": 596.8431773759307,
      "1sigma": [
        556.9240305354119,
        1750.6103852872734
      ],
      "2sigma": [
        343.94745329496055,
        4333.567988202003
      ],
      "3sigma": [
        216.6614182059856,
        4951.699940887383
      ],
      "5sigma": [
        99.95066252181095,
        4995.856896038626
      ],
      "q75%": 1365.328093798311,
      "q25%": 655.1826474966807,
      "q99%": 4719.653850358748,
      "q01%": 291.89687282005934,
      "q90%": 4719.653850358748,
      "q10%": 490.8936657433809
    },
    {
      "median": 0.0006260041536307638,
      "sigma": 0.06697953508654209,
      "1sigma": [
        -0.05009110259345928,
        0.0838679675796249
      ],
      "2sigma": [
        -0.6055835504572611,
        0.6578746097823989
      ],
      "3sigma": [
        -0.9374917944817962,
        0.9577591737874079
      ],
      "5sigma": [
        -0.9940924984673107,
        0.9999027487578377
      ],
      "q75%": 0.0050840450329347,
      "q25%": -0.0020352909277996287,
      "q99%": 0.8143441395739512,
      "q01%": -0.7627788593296914,
      "q90%": 0.8143441395739512,
      "q10%": -0.1792519528455299
    },
    {
      "median": 920.6582657846324,
      "sigma": 645.5857108848338,
      "1sigma": [
        581.2593751885073,
        1872.4307969581748
      ],
      "2sigma": [
        376.2341185124598,
        4233.9521510374725
      ],
      "3sigma": [
        255.61042120850286,
        4951.715105902495
      ],
      "5sigma": [
        204.1819926052827,
        4995.893221606591
      ],
      "q75%": 1407.8065592391465,
      "q25%": 673.7616652988795,
      "q99%": 4691.740199518758,
      "q01%": 329.1181631340001,
      "q90%": 4691.740199518758,
      "q10%": 511.5063901565907
    }
  ]
}