{
  "modes": [
    {
      "index": 0,
      "strictly local log-evidence": -36.475305584280804,
      "strictly local log-evidence error": 0.11618937374188165,
      "local log-evidence": -36.475305584280804,
      "local log-evidence error": 0.11618937374188165,
      "mean": [
        1.0000151648782938,
        0.0009434581808880687,
        625.6737021791175
      ],
      "sigma": [
        6.41155132125357e-05,
        7.490820007206503e-05,
        135.5553471257585
      ],
      "maximum": [
        1.0000088661854438,
        0.0009355224864891052,
        611.6894973241415
      ],
      "maximum a posterior": [
        1.0000088661854438,
        0.0009355224864891052,
        611.6894973241415
      ]
    }
  ],
  "nested sampling global log-evidence": -36.475305584280804,
  "nested sampling global log-evidence error": 0.11618937374188165,
  "global evidence": -36.475305584280804,
  "global evidence error": 0.11618937374188165,
  "marginals": [
    {
      "median": 1.00000794472269,
      "sigma": 6.0466269399150896e-05,
      "1sigma": [
        0.9999545169232256,
        1.0000754494620239
      ],
      "2sigma": [
        0.999914599307518,
        1.0001591419658682
      ],
      "3sigma": [
        0.9998712627504497,
        1.0003274357606795
      ],
      "5sigma": [
        0.9998056236065972,
        1.0004864474910131
      ],
      "q75%": 1.000049029144928,
      "q25%": 0.9999702464061123,
      "q99%": 1.0002106345005264,
      "q01%": 0.9999000681325564,
      "q90%": 1.0002106345005264,
      "q10%": 0.9999415946852738
    },
    {
      "median": 0.0009424403259161531,
      "sigma": 7.549576753140797e-05,
      "1sigma": [
        0.0008685833409056536,
        0.0010195748759684695
      ],
      "2sigma": [
        0.0008006477054104349,
        0.0010914185378700263
      ],
      "3sigma": [
        0.0007185512140927112,
        0.0011874332491397896
      ],
      "5sigma": [
        0.0005837282213080602,
        0.001420990001436002
      ],
      "q75%": 0.000992058710984763,
      "q25%": 0.0008931708734059092,
      "q99%": 0.0011233116975722984,
      "q01%": 0.000769990395499182,
      "q90%": 0.0011233116975722984,
      "q10%": 0.000848941182843464
    },
    {
      "median": 620.5376694431309,
      "sigma": 132.1198386632493,
      "1sigma": [
        492.2343520454033,
        756.4740293719019
      ],
      "2sigma": [
        381.4541694259238,
        909.4991270900148
      ],
      "3sigma": [
        261.0407238197376,
        1123.088390916672
      ],
      "5sigma": [
        162.64164917694686,
        1644.7883371911319
      ],
      "q75%": 709.1766880986709,
      "q25%": 531.8729483013019,
      "q99%": 984.5523038238503,
      "q01%": 339.85383634830157,
      "q90%": 984.5523038238503,
      "q10%": 457.7063234329901
    }
  ]
}