{
  "modes": [
    {
      "index": 0,
      "strictly local log-evidence": -43.72178913316236,
      "strictly local log-evidence error": 0.14292395536364425,
      "local log-evidence": -43.72178913316236,
      "local log-evidence error": 0.14292395536364425,
      "mean": [
        0.999991060491769,
        0.0009385333426390659,
        1217.2569433022593,
        -1.905451547800178e-05,
        1252.835698618704
      ],
      "sigma": [
        6.331995489215735e-05,
        0.24127825473144013,
        905.7919044276388,
        0.24127676363572845,
        919.7229821950034
      ],
      "maximum": [
        1.0000264472611426,
        0.0009040837308946781,
        553.483221738391,
        5.072543692108411e-05,
        3069.992827372672
      ],
      "maximum a posterior": [
        1.0000264472611426,
        0.0009040837308946781,
        553.483221738391,
        5.072543692108411e-05,
        3069.992827372672
      ]
    }
  ],
  "nested sampling global log-evidence": -43.72178913316236,
  "nested sampling global log-evidence error": 0.14292395536364425,
  "global evidence": -43.72178913316236,
  "global evidence error": 0.14292395536364425,
  "marginals": [
    {
      "median": 0.999981806557997,
      "sigma": 5.515028154873258e-05,
      "1sigma": [
        0.9999342911561445,
        1.000044591719242
      ],
      "2sigma": [
        0.9998950125472758,
        1.0001482062837872
      ],
      "3sigma": [
        0.9998414391245396,
        1.000307476942343
      ],
      "5sigma": [
        0.9997926874713196,
        1.000323080214504
      ],
      "q75%": 1.0000204181522752,
      "q25%": 0.9999500132059945,
      "q99%": 1.0002066546174742,
      "q01%": 0.9998791022876994,
      "q90%": 1.0002066546174742,
      "q10%": 0.9999224219509263
    },
    {
      "median": 0.000494540204772201,
      "sigma": 0.06524241895700496,
      "1sigma": [
        -0.07933725512051937,
        0.05114758279349055
      ],
      "2sigma": [
        -0.6175371019224384,
        0.6314109329680082
      ],
      "3sigma": [
        -0.9372372373091225,
        0.964853553107561
      ],
      "5sigma": [
        -0.9984260753146637,
        0.9976575805457271
      ],
      "q75%": 0.0021026167997170134,
      "q25%": -0.0030440738420619523,
      "q99%": 0.8141858112310165,
      "q01%": -0.7890144649840758,
      "q90%": 0.8141858112310165,
      "q10%": -0.21759303557832646
    },
    {
      "median": 925.8560357039851,
      "sigma": 588.7546153994842,
      "1sigma": [
        571.7790877729104,
        1749.2883185718788
      ],
      "2sigma": [
        326.1794593206429,
        4164.353675299184
      ],
      "3sigma": [
        152.7627214753522,
        4930.260014512946
      ],
      "5sigma": [
        57.52130821601773,
        4994.202048534154
      ],
      "q75%": 1375.551258401203,
      "q25%": 675.040265154158,
      "q99%": 4601.124159259898,
      "q01%": 256.06920350666087,
      "q90%": 4601.124159259898,
      "q10%": 486.40377954536785
    },
    {
      "median": 0.0005184412230165397,
      "sigma": 0.06517205457038491,
      "1sigma": [
        -0.05032329332368069,
        0.08002081581708914
      ],
      "2sigma": [
        -0.6309787818451335,
        0.6179988040648541
      ],
      "3sigma": [
        -0.9653943350772599,
        0.9355087650166334
      ],
      "5sigma": [
        -0.997012285153782,
        0.999233079527361
      ],
      "q75%": 0.003928017564014517,
      "q25%": -0.0012433459845406995,
      "q99%": 0.7858728232725782,
      "q01%": -0.8138753499947475,
      "q90%": 0.7858728232725782,
      "q10%": -0.22637388486677043
    },
    {
      "median": 954.8641268625274,
      "sigma": 580.3492354744503,
      "1sigma": [
        603.5814800918016,
        1764.2799510407024
      ],
      "2sigma": [
        372.18068187485756,
        4229.974081826723
      ],
      "3sigma": [
        207.82504931292104,
        4953.415735934636
      ],
      "5sigma": [
        -23.309022914898378,
        4988.720797960364
      ],
      "q75%": 1395.9092146193514,
      "q25%": 706.4190055954934,
      "q99%": 4718.276360389003,
      "q01%": 318.84585147117656,
      "q90%": 4718.276360389003,
      "q10%": 519.7401718922247
    }
  ]
}